{
  "accuracy": [
    0.07781745493412018,
    0.10094844549894333,
    0.1250055730342865,
    0.14299263060092926,
    0.15852488577365875,
    0.17151305079460144,
    0.18819460272789001,
    0.19600535929203033,
    0.20572416484355927,
    0.21904708445072174,
    0.2242356687784195
  ],
  "loss": [
    6.284832954406738,
    5.800787925720215,
    5.44993782043457,
    5.165838241577148,
    4.925001621246338,
    4.691428184509277,
    4.43233060836792,
    4.295825004577637,
    4.173701286315918,
    4.044929504394531,
    3.9936139583587646
  ],
  "val_accuracy": [
    0.08857200294733047,
    0.1117694303393364,
    0.12382004410028458,
    0.1346655935049057,
    0.13797950744628906,
    0.14089174568653107,
    0.1417955458164215,
    0.1449086219072342,
    0.1452098786830902,
    0.14671620726585388,
    0.14581240713596344
  ],
  "val_loss": [
    6.161118984222412,
    5.973446846008301,
    5.876575946807861,
    5.879822731018066,
    5.879793643951416,
    5.924142360687256,
    5.967391490936279,
    6.015366554260254,
    6.05808162689209,
    6.07586145401001,
    6.095064640045166
  ],
  "learning_rate": [
    0.0010000000474974513,
    0.0010000000474974513,
    0.0010000000474974513,
    0.0010000000474974513,
    0.0010000000474974513,
    0.0010000000474974513,
    0.0005000000237487257,
    0.0005000000237487257,
    0.0005000000237487257,
    0.0002500000118743628,
    0.0002500000118743628
  ]
}