{
  "accuracy": [
    0.06988395750522614,
    0.07034143805503845
  ],
  "loss": [
    6.581048965454102,
    6.419981479644775
  ],
  "val_accuracy": [
    0.07009439915418625,
    0.07009439915418625
  ],
  "val_loss": [
    6.440494537353516,
    6.438770771026611
  ],
  "learning_rate": [
    0.0010000000474974513,
    0.0010000000474974513
  ]
}