{
  "accuracy": [
    0.0717139020562172,
    0.08077438175678253
  ],
  "loss": [
    6.4232258796691895,
    6.011185646057129
  ],
  "val_accuracy": [
    0.07019481807947159,
    0.08104036748409271
  ],
  "val_loss": [
    6.318463325500488,
    6.245389461517334
  ],
  "learning_rate": [
    0.0010000000474974513,
    0.0010000000474974513
  ]
}