{
  "accuracy": [
    0.07325373589992523,
    0.08903146535158157
  ],
  "loss": [
    6.367530822753906,
    5.932102203369141
  ],
  "val_accuracy": [
    0.08144205808639526,
    0.09339224547147751
  ],
  "val_loss": [
    6.266694068908691,
    6.132983207702637
  ],
  "learning_rate": [
    0.0010000000474974513,
    0.0010000000474974513
  ]
}