{
  "accuracy": [
    0.07332068681716919,
    0.11073420941829681
  ],
  "loss": [
    6.364565849304199,
    5.660253524780273
  ],
  "val_accuracy": [
    0.08616188168525696,
    0.1194014847278595
  ],
  "val_loss": [
    6.2168684005737305,
    5.914296627044678
  ],
  "learning_rate": [
    0.0010000000474974513,
    0.0010000000474974513
  ]
}