{
  "accuracy": [
    0.07278509438037872,
    0.08975674957036972
  ],
  "loss": [
    6.362471580505371,
    5.933380603790283
  ],
  "val_accuracy": [
    0.0773247629404068,
    0.09590279310941696
  ],
  "val_loss": [
    6.27366828918457,
    6.097963333129883
  ],
  "learning_rate": [
    0.0010000000474974513,
    0.0010000000474974513
  ]
}