{
  "accuracy": [
    0.07631108909845352,
    0.10119392722845078
  ],
  "loss": [
    6.291604042053223,
    5.806509971618652
  ],
  "val_accuracy": [
    0.09078127890825272,
    0.11648925393819809
  ],
  "val_loss": [
    6.169361114501953,
    5.9897589683532715
  ],
  "learning_rate": [
    0.0010000000474974513,
    0.0010000000474974513
  ]
}